"1","Barut","1"
"3","London","1"
"4","Kaptembwo","1"
"5","Kapkures","1"
"6","Rhoda","1"
"7","Shabab","1"
"8","Biashara","1"
"9","Kivumbini","1"
"10","Langa Langa","1"
"11","Menengai","1"
"12","Nakuru East","1"
"13","Dundori","1"
"14","Kabatini","1"
"15","Kiamaina","1"
"16","Lanet/Umoja","1"
"17","Bahati Ward","1"
"18","Menengai West","1"
"19","Soin","1"
"20","Visoi","1"
"21","Mosop","1"
"22","Solai","1"
"23","Waseges/Munanda","1"
"24","Subukia Ward","1"
"25","Kabazi/Mogamano","1"
"26","Mau Narok","1"
"27","Mauche","1"
"28","Kihingo","1"
"29","Nessuit","1"
"32","Lare","1"
"33","Njoro Ward","1"
"34","Mariashoni","1"
"35","Elburgon","1"
"36","Turi","1"
"37","Molo Ward","1"
"38","Gil Gil Ward","1"
"39","Elementaita","1"
"40","Mbaruk/Eburu","1"
"41","Malewa West","1"
"42","Murindati","1"
"43","Amalo","1"
"44","Keringet","1"
"45","Kiptagich","1"
"46","Tinet","1"
"47","Kiptororo","1"
"50","Nyota","1"
"51","Sirikwa","1"
"52","Kamara","1"
"53","Biashara","1"
"54","Hellsgate","1"
"55","Lake View","1"
"56","Mai Mahiu","1"
"57","Maeilla","1"
"58","Olkaria","1"
"59","Naivasha East","1"
"60","Viwanda","1"
"61","Bartabwa","2"
"62","Bartum","2"
"63","Churo / Amaya","2"
"64","Emining","2"
"65","Ewalel / Chapchap","2"
"66","Ilchamus","2"
"67","Kabar Tonjo","2"
"68","Kabarnet","2"
"69","Kapropita","2"
"70","Kipsaraman","2"
"71","Kisanana","2"
"72","Koibatek","2"
"73","Kolowa","2"
"74","Lawan","2"
"75","Lembus","2"
"76","Lembus / Perkera","2"
"77","Lembus Kwen","2"
"78","Loiyamorok","2"
"79","Makutani","2"
"80","Marigat","2"
"81","Mochongoi","2"
"82","Mogotio","2"
"83","Mumberes / Maji Mazuri","2"
"84","Ravine","2"
"85","Ribkwo","2"
"86","Sacho","2"
"87","Silale","2"
"88","Tangulbei","2"
"89","Tenges","2"
"90","Tirioko","2"
"91","Boito","3"
"92","Chebunyo","3"
"93","Chemagel","3"
"94","Chemaner","3"
"95","Chepchabas","3"
"96","Chesoen","3"
"97","Embomos","3"
"98","Kapletundo","3"
"99","Kembu","3"
"100","Kimulot","3"
"101","Kipreres","3"
"102","Kipsonoi","3"
"103","Kong'asis","3"
"104","Longisa","3"
"105","Merigi","3"
"106","Mogogosiek","3"
"107","Mutarakwa","3"
"108","Ndanai-Abosi","3"
"109","Ndaraweta","3"
"110","Nyongores","3"
"111","Rongena-Manaret","3"
"112","Sigor","3"
"113","Silibwet Township","3"
"114","Singorwet","3"
"115","Siongiroi","3"
"116","Bokoli","4"
"117","Bukembe East","4"
"118","Bukembe West","4"
"119","Bumula","4"
"120","Bwake / Luuya","4"
"121","Chebukwabi","4"
"122","Cheptais","4"
"123","Chepyuk","4"
"124","Chesikaki","4"
"125","East Sang'alo","4"
"126","Kabuchai / Chwele","4"
"127","Kabula","4"
"128","Kamukuywa","4"
"129","Kapkateny","4"
"130","Kapsokwony","4"
"131","Kaptama","4"
"132","Khalaba","4"
"133","Khasoko","4"
"134","Kimaeti","4"
"135","Kimilili","4"
"136","Lwandanyi","4"
"137","Maeni","4"
"138","Malakisi / South Kilisiru","4"
"139","Maraka","4"
"140","Marakaru","4"
"141","Matulo","4"
"142","Mbakalo","4"
"143","Mihuu","4"
"144","Milima","4"
"145","Mukuyuni","4"
"146","Musikoma","4"
"147","Naitiri / Kabuyefwe","4"
"148","Namwela","4"
"149","Ndalu","4"
"150","Ndivisi","4"
"151","Siboti","4"
"152","Sitikho","4"
"153","South Bukusu","4"
"154","Soysambu / Mitua","4"
"155","Tongaren","4"
"156","Township","4"
"157","Tuuti","4"
"158","West Bukusu","4"
"159","West Nalondo","4"
"160","West Sang'alo","4"
"161","Ageng'a Nanbuba","5"
"162","Amukura Central","5"
"163","Amukura East","5"
"164","Amukura West","5"
"165","Ang'urai East","5"
"166","Ang'urai North","5"
"167","Ang'urai South","5"
"168","Bukhayo Central","5"
"169","Bukhayo East","5"
"170","Bukhayo North / Walatsi","5"
"171","Bukhayo West","5"
"172","Bunyala North","5"
"173","Bunyala South","5"
"174","Bunyala West","5"
"175","Burumba","5"
"176","Busibwabo","5"
"177","Bwiri","5"
"178","Chakol North","5"
"179","Chakol South","5"
"180","Elugulu","5"
"181","Kingandole","5"
"182","Malaba Central","5"
"183","Malaba North","5"
"184","Malaba South","5"
"185","Marachi Central","5"
"186","Marachi East","5"
"187","Marachi North","5"
"188","Marachi West","5"
"189","Matayos South","5"
"190","Mayenye","5"
"191","Nambale","5"
"192","Namboboto / Nambu / Ku","5"
"193","Nangina","5"
"194","Township","5"
"195","Arror","6"
"196","Chepkorio","6"
"197","Cherang'anyl / Chebororwa","6"
"198","Embobut / Embolot","6"
"199","Emsoo","6"
"200","Endo","6"
"201","Kabiemit","6"
"202","Kamariny","6"
"203","Kapchemutwa","6"
"204","Kapsowar","6"
"205","Kaptarakwa","6"
"206","Kapyego","6"
"207","Lelan","6"
"208","Metkei","6"
"209","Moiben / Kuserwo","6"
"210","Sambirir","6"
"211","Sengwer","6"
"212","Soy North","6"
"213","Soy South","6"
"214","Tambach","6"
"215","Central","7"
"216","Evurore","7"
"217","Gaturi North","7"
"218","Gaturi South","7"
"219","Kagaari North","7"
"220","Kagaari South","7"
"221","Kiambere","7"
"222","Kirimari","7"
"223","Kithimu","7"
"224","Kyeni North","7"
"225","Kyeni South","7"
"226","Makima","7"
"227","Mavuria","7"
"228","Mbeti","7"
"229","Mbeti North","7"
"230","Muminji","7"
"231","Mwea","7"
"232","Nginda","7"
"233","Nthawa","7"
"234","Ruguru-Ngandori","7"
"235","Abakaile","8"
"236","Afwein","8"
"237","Balambala","8"
"238","Benane","8"
"239","Bura","8"
"240","Dadaab","8"
"241","Damajale","8"
"242","Danyere","8"
"243","Dekaharia","8"
"244","Dertu","8"
"245","Fafi","8"
"246","Galbet","8"
"247","Goreale","8"
"248","Hulugho","8"
"249","Iftin","8"
"250","Ijara","8"
"251","Jarajara","8"
"252","Jarajila","8"
"253","Labisgale","8"
"254","Liboi","8"
"255","Maalamin","8"
"256","Masalani","8"
"257","Modogashe","8"
"258","Nanighi","8"
"259","Sabena","8"
"260","Saka","8"
"261","Sangilau","8"
"262","Sankuri","8"
"263","Township","8"
"264","Waberi","8"
"265","Central","9"
"266","Gem East","9"
"267","Gem West","9"
"268","Gembe","9"
"269","Gwassi North","9"
"270","Gwassi South","9"
"271","Homa Bay Arujo","9"
"272","Homa Bay Central","9"
"273","Homa Bay East","9"
"274","Homa Bay West","9"
"275","Kabondo East","9"
"276","Kabondo West","9"
"277","Kabouch North","9"
"278","Kabouch South / Pala","9"
"279","Kagan","9"
"280","Kaksingiri West","9"
"281","Kamagak East","9"
"282","Kamagak West","9"
"283","Kanyadoto","9"
"284","Kanyaluo","9"
"285","Kanyamwa Kalogi","9"
"286","Kanyamwa Kosewe","9"
"287","Kanyikela","9"
"288","Karachuonyo North","9"
"289","Karachuonyo West","9"
"290","Kasgunga","9"
"291","Kasipul Central","9"
"292","Kasipul South","9"
"293","Kasipul West","9"
"294","Kendu Bay Town","9"
"295","Kibiri","9"
"296","Kochia","9"
"297","Kojwach","9"
"298","Kokwanyo / Kakelo ","9"
"299","Kwabwai","9"
"300","Lambwe","9"
"301","Mfangano Island","9"
"302","Ruma-Kaksingiri East","9"
"303","Rusinga Island","9"
"304","Wang'chieng","9"
"305","Bulla Pesa","10"
"306","Burat","10"
"307","Chari","10"
"308","Cherab","10"
"309","Garba Tulla","10"
"310","Kinna","10"
"311","Ngare Mara","10"
"312","Oldo-Nyiro","10"
"313","Sericho","10"
"314","Wabera","10"
"315","Dalalekutuk","11"
"316","Entonet / Lenkism","11"
"317","Ewuaso Oo Nkidong'i","11"
"318","Ildamat","11"
"319","Iloodokilani","11"
"320","Imaroro","11"
"321","Imbirikani / Eselenkei","11"
"322","Kaputiei North","11"
"323","Keekonyokie","11"
"324","Kenyawa-Poka","11"
"325","Kimana","11"
"326","Kiserian","11"
"327","Kitengela","11"
"328","Kuku","11"
"329","Magadi","11"
"330","Matapato North","11"
"331","Matapato South","11"
"332","Ngong","11"
"333","Nkaimurunya","11"
"334","Olkeri","11"
"335","Oloolua","11"
"336","Oloosirkon / Sholinke","11"
"337","Ongata Rongai","11"
"338","Purko","11"
"339","Rombo","11"
"340","Bunyala Central","12"
"341","Bunyala East","12"
"342","Bunyala West","12"
"343","Butali / Chegulo","12"
"344","Butsotso Central","12"
"345","Butsotso East","12"
"346","Butsotso South","12"
"347","Chekalini","12"
"348","Chemuche","12"
"349","Chevaywa","12"
"350","East Kabras","12"
"351","East Wanga","12"
"352","Etenje","12"
"353","Idakho Central","12"
"354","Idakho East","12"
"355","Idakho South","12"
"356","Idakho West","12"
"357","Ingotse-Matiha","12"
"358","Isukha Central","12"
"359","Isukha East","12"
"360","Isukha North","12"
"361","Isukha South","12"
"362","Isukha West","12"
"363","Khalaba","12"
"364","Khaungu-Malaha-Isongo","12"
"365","Kholera","12"
"366","Kisa Central","12"
"367","Kisa East","12"
"368","Kisa North","12"
"369","Kisa West","12"
"370","Kongoni","12"
"371","Koyonzo","12"
"372","Likuyani","12"
"373","Lugari","12"
"374","Lumakanda","12"
"375","Lusheya-Lubinu-Makunga","12"
"376","Lwandeti","12"
"377","Mahiakalo","12"
"378","Manda - Shivanga","12"
"379","Marama Central","12"
"380","Marama North","12"
"381","Marama South","12"
"382","Marama West","12"
"383","Marenyo-Shianda","12"
"384","Mautuma","12"
"385","Mayoni","12"
"386","Mumias Central","12"
"387","Mumias North","12"
"388","Murhanda","12"
"389","Musanda","12"
"390","Namamali","12"
"391","Nzoia","12"
"392","Sango","12"
"393","Sheywe","12"
"394","Shinoyi-Shikomari-Esumeiya","12"
"395","Shirere","12"
"396","Shirugu-Mugai","12"
"397","Sinoko","12"
"398","South Kabras","12"
"399","West Kabras","12"
"400","Ainamoi","13"
"401","Chaik","13"
"402","Cheboin","13"
"403","Chemosot","13"
"404","Cheptororiet / Seretutut","13"
"405","ChilChila","13"
"406","Kabianga","13"
"407","Kamasian","13"
"408","Kapkatet","13"
"409","Kapkugerwet","13"
"410","Kaplelartet","13"
"411","Kapsaos","13"
"412","Kapsoit","13"
"413","Kapsuser","13"
"414","Kipchebor","13"
"415","Kipchimchim","13"
"416","Kipkelion","13"
"417","Kisiara","13"
"418","Kunyak","13"
"419","Litein","13"
"420","Sigowet","13"
"421","Soin","13"
"422","Soliat","13"
"423","Tebesonik","13"
"424","Techoget","13"
"425","Waldai","13"
"426","Biashara","14"
"427","Bibirioni","14"
"428","Cianda","14"
"429","Gachie","14"
"430","Gatamaiyo","14"
"431","Gathaiti","14"
"432","Gatongora","14"
"433","Gitaru","14"
"434","Githiga","14"
"435","Githunguri","14"
"436","Gitothua","14"
"437","Gituamba","14"
"438","Hospital","14"
"439","Ikinu","14"
"440","Juju","14"
"441","Kabete","14"
"442","Kahawa / Sukari","14"
"443","Kahawa Wendani","14"
"444","Kalimoni","14"
"445","Kamenu","14"
"446","Kamwangi","14"
"447","Karai","14"
"448","Kiambaa","14"
"449","Kiamwangi","14"
"450","Kiganjo","14"
"451","Kijabe","14"
"452","Kikuyu","14"
"453","Kinale","14"
"454","Kinoo","14"
"455","Kirenga","14"
"456","Kiuu","14"
"457","Komothai","14"
"458","Limuru Central","14"
"459","Limuru East","14"
"460","Makongeni","14"
"461","Mang'u","14"
"462","Muchatha","14"
"463","Muguga","14"
"464","Murera","14"
"465","Mwihoko","14"
"466","Mwiki","14"
"467","Nachu","14"
"468","Ndarugo","14"
"469","Ndeiya","14"
"470","Ndenderu","14"
"471","Ndumberi","14"
"472","Ngecha Tigoni","14"
"473","Ngenda","14"
"474","Ngewa","14"
"475","Ngoliba / Gatuanyaga","14"
"476","Nyadhuna","14"
"477","Nyanduma","14"
"478","Riabai","14"
"479","Sigona","14"
"480","Theta","14"
"481","Ting'ang'a","14"
"482","Township","14"
"483","Township","14"
"484","Uthiru","14"
"485","Witeithie","14"
"486","Adu","15"
"487","Bamba","15"
"488","Chasimba","15"
"489","Dabaso","15"
"490","Dungicha","15"
"491","Ganda","15"
"492","Garashi","15"
"493","Gongoni","15"
"494","Jaribuni","15"
"495","Jibana","15"
"496","Jilore","15"
"497","Junju","15"
"498","Kakuyuni","15"
"499","Kaloleni","15"
"500","Kayafungo","15"
"501","Kibarani","15"
"502","Magarini","15"
"503","Malindi Town","15"
"504","Marafa","15"
"505","Mariakani","15"
"506","Matsangoni","15"
"507","Mazeras","15"
"508","Mnarani","15"
"509","Mtepeni","15"
"510","Mwanamwinga","15"
"511","Mwarakaya","15"
"512","Mwawesa","15"
"513","Ruruma","15"
"514","Sabaki","15"
"515","Shella","15"
"516","Shimo la Tewa","15"
"517","Sokoke","15"
"518","Sokoni","15"
"519","Tezo","15"
"520","Watamu","15"
"521","Baragwi","16"
"522","Gathigiriri","16"
"523","Inoi","16"
"524","Kabare","16"
"525","Kangai","16"
"526","Kanyekini","16"
"527","Kariti","16"
"528","Karumandi","16"
"529","Kerugoya","16"
"530","Kiine","16"
"531","Mukure","16"
"532","Murinduko","16"
"533","Mutira","16"
"534","Mutithi","16"
"535","Ngariama","16"
"536","Njukiine","16"
"537","Nyangati","16"
"538","Tebere","16"
"539","Thiba","16"
"540","Wamumu","16"
"541","Basi Central","17"
"542","Bassi Bogetaorio","17"
"543","Birongo","17"
"544","Bobaracho","17"
"545","Bobasi / Boitangare","17"
"546","Bobasi Chache","17"
"547","Bogeka","17"
"548","Bogetenga","17"
"549","Bogiakumu","17"
"550","Bogusero","17"
"551","Boikanga","17"
"552","Bokeira","17"
"553","Bokimonge","17"
"554","Bomariba","17"
"555","Boochi / Tendere","17"
"556","Boochi Borabu","17"
"557","Borabu / Chitago","17"
"558","Borabu Masaba","17"
"559","Bosoti / Sengera","17"
"560","Gesusu","17"
"561","Getenga","17"
"562","Ibeno","17"
"563","Ichuni","17"
"564","Keumbu","17"
"565","Kiamokama","17"
"566","Kiogoro","17"
"567","Kisii Central","17"
"568","Kitutu Central","17"
"569","Magenche","17"
"570","Majoge Basi","17"
"571","Marani","17"
"572","Masige East","17"
"573","Masige West","17"
"574","Masimba","17"
"575","Monyerero","17"
"576","Moticho","17"
"577","Mwamonari","17"
"578","Nyacheki","17"
"579","Nyakoe","17"
"580","Nyamasibi","17"
"581","Nyatieko","17"
"582","Riana","17"
"583","Sameta / Mokwerero","17"
"584","Sensi","17"
"585","Tabaka","17"
"586","Ahero","18"
"587","Awasi / Onjiko","18"
"588","Chemelil","18"
"589","East Kano / Wawidhi","18"
"590","Kabonyo / Kanyakwal","18"
"591","Kajulu","18"
"592","Kamswa / Nyangoma","18"
"593","Kisumu Central","18"
"594","Kisumu North","18"
"595","Kisumu North West","18"
"596","Kisumu South West","18"
"597","Kisumu West","18"
"598","Kobura","18"
"599","Kolwa Central","18"
"600","Kolwa East","18"
"601","Kondele","18"
"602","Manyatta B","18"
"603","Market Milimani","18"
"604","Migosi","18"
"605","Miwani","18"
"606","Muhoroni Koru","18"
"607","Nyakach Central","18"
"608","Nyakach North","18"
"609","Nyakach South East","18"
"610","Nyakach South West","18"
"611","Nyakach West","18"
"612","Nyalenda A","18"
"613","Nyalenda B","18"
"614","Ombeyi","18"
"615","Railways","18"
"616","Seme Central","18"
"617","Seme East","18"
"618","Seme North","18"
"619","Seme West","18"
"620","Shauri Moyo Kaloleni","18"
"621","Athi","19"
"622","Central","19"
"623","Chuluni","19"
"624","Endau / Malalani","19"
"625","Ikanga / Kyatune","19"
"626","Ikutha","19"
"627","Kanyangi","19"
"628","Kanziko","19"
"629","Kauwi","19"
"630","Kiomo / Kyethani","19"
"631","Kisasi","19"
"632","Kivou","19"
"633","Kwamutonga / Kithumula","19"
"634","Kwavonza / Yatta","19"
"635","Kyangwithya East","19"
"636","Kyangwithya West","19"
"637","Kyuso","19"
"638","Matinyani","19"
"639","Mbitini","19"
"640","Miambani","19"
"641","Migwani","19"
"642","Mui","19"
"643","Mulango","19"
"644","Mumoni","19"
"645","Mutha","19"
"646","Mutitu / Kaliku","19"
"647","Mutomo","19"
"648","Mutonguni Ward","19"
"649","Mwalano","19"
"650","Ngomeni","19"
"651","Nguni","19"
"652","Nguutani","19"
"653","Nuu","19"
"654","Nzambani","19"
"655","Tharaka","19"
"656","Township","19"
"657","Tseukuru","19"
"658","Voo / Kyamatu","19"
"659","Waita","19"
"660","Zombe / Mwitika","19"
"661","Chengoni / Samburu ","20"
"662","Dzombo","20"
"663","Gombato Bongwe","20"
"664","Kasemeni","20"
"665","Kasemeni Vanga","20"
"666","Kikoneni-Pongwe","20"
"667","Kinango ","20"
"668","Kinondo","20"
"669","Kubo South","20"
"670","Mackinon Road","20"
"671","Mkongani","20"
"672","Mwavumbo","20"
"673","Mwereni Ward","20"
"674","Ndavaya","20"
"675","Puma","20"
"676","Ramisi","20"
"677","Tiwi","20"
"678","Tsimba Golini Ward","20"
"679","Ukunda","20"
"680","Waa","20"
"681","Githiga","21"
"682","Igwamiti","21"
"683","Marmanet","21"
"684","Mugogodo East","21"
"685","Mugogodo West","21"
"686","Nanyuki","21"
"687","Ngobit","21"
"688","Ol-Moran","21"
"689","Rumuruti Township","21"
"690","Salama","21"
"691","Segera","21"
"692","Sosian","21"
"693","Thingithu","21"
"694","Tigithi","21"
"695","Umande","21"
"696","Bahari","22"
"697","Basuba Ward","22"
"698","Faza","22"
"699","Hindi","22"
"700","Hongwe","22"
"701","Kiunga","22"
"702","Mkomani","22"
"703","Mkunubi","22"
"704","Shella","22"
"705","Witu","22"
"706","Athi River","23"
"707","Ekalakala","23"
"708","Ikombe","23"
"709","Kalama","23"
"710","Kangudo West","23"
"711","Kangundo Central","23"
"712","Kangundo East","23"
"713","Kangundo North","23"
"714","Katangi","23"
"715","Kathiani Central","23"
"716","Kibauni","23"
"717","Kinanie","23"
"718","Kithimani","23"
"719","Kivaa","23"
"720","Kola","23"
"721","Kyeleni","23"
"722","Lower Kaewa / Kaani","23"
"723","Machakos Central","23"
"724","Makutano / Mwala","23"
"725","Masii","23"
"726","Masinga Central","23"
"727","Matungulu East","23"
"728","Matungulu North","23"
"729","Matungulu West","23"
"730","Matuu","23"
"731","Mbiuni","23"
"732","Mitaboni","23"
"733","Mua","23"
"734","Mumbuni North","23"
"735","Muthesya","23"
"736","Muthetheni","23"
"737","Muthwani","23"
"738","Mutituni","23"
"739","Muvuti / Kiima-Kimwe","23"
"740","Ndalani","23"
"741","Ndithini","23"
"742","Syokimau / Mulolongo","23"
"743","Tala","23"
"744","Upper Kaewa / Iveti","23"
"745","Wamunyu","23"
"746","Emali / Mulala","24"
"747","Ilima","24"
"748","Ivingoni / Nzambani","24"
"749","Kalawa","24"
"750","Kasikeu","24"
"751","Kathonzweni","24"
"752","Kee","24"
"753","Kiima Kiu / Kalanzoni","24"
"754","Kikumbulyu North","24"
"755","Kikumbulyu South","24"
"756","Kilungu","24"
"757","Kiteta-Kisau","24"
"758","Kithungo / Kitundu","24"
"759","Kitise / Kithuki","24"
"760","Makindu","24"
"761","Masongaleni","24"
"762","Mavindini","24"
"763","Mbitini","24"
"764","Mbooni","24"
"765","Mtito Andei","24"
"766","Mukaa","24"
"767","Muvau / Kikumini","24"
"768","Nguu / Masumba","24"
"769","Nguumo","24"
"770","Nzaui / Kilili / Kalamba","24"
"771","Thange","24"
"772","Tulimani","24"
"773","Ukia","24"
"774","Waia-Kako","24"
"775","Wote","24"
"776","Alungo","25"
"777","Arabia","25"
"778","Ashabito","25"
"779","Banissa","25"
"780","Dandu","25"
"781","Darkhale","25"
"782","Elwak North","25"
"783","Elwak South","25"
"784","Eyemole","25"
"785","Fino","25"
"786","Gither","25"
"787","Guticha","25"
"788","Khalalio","25"
"789","Kiiwehiri","25"
"790","Kutulo","25"
"791","Lafey","25"
"792","Lagsure","25"
"793","Libehia","25"
"794","Malkamari","25"
"795","Marothile","25"
"796","Rhamu","25"
"797","Rhamu Dimtu","25"
"798","Sala","25"
"799","Shafshafey","25"
"800","Shimbir Fatuma","25"
"801","Takaba","25"
"802","Takaba South","25"
"803","Township","25"
"804","Waranqara","25"
"805","Wargadud","25"
"806","Butiye","26"
"807","Dukana","26"
"808","Golbo","26"
"809","Heillu / Manyatta","26"
"810","Illeret","26"
"811","Karare","26"
"812","Kargi / South Horr","26"
"813","Korr / Ngurunit","26"
"814","Laisamis","26"
"815","Logologo","26"
"816","Loiyangalani","26"
"817","Maikona","26"
"818","Marsabit Central","26"
"819","Moyale Township","26"
"820","North Horr","26"
"821","Obbu","26"
"822","Sagante / Jaldesa","26"
"823","Sololo","26"
"824","Turbi","26"
"825","Uran","26"
"826","Abogeta East","27"
"827","Abogeta West","27"
"828","Abothuguchi Central","27"
"829","Abothuguchi West","27"
"830","Akachiu","27"
"831","Akirango'ondu","27"
"832","Akithii","27"
"833","Amwathi","27"
"834","Antuambui","27"
"835","Antubetwe Kiongo","27"
"836","Athiru Gaiti","27"
"837","Athiru Ruujine","27"
"838","Athwana","27"
"839","Igembe East","27"
"840","Igoji East","27"
"841","Igoji West","27"
"842","Kangeta","27"
"843","Kanuni","27"
"844","Karama","27"
"845","Kiagu","27"
"846","Kianjai","27"
"847","Kibirichia","27"
"848","Kiegoi / Antubochiu","27"
"849","Kiguchwa","27"
"850","Kiirua / Naari","27"
"851","Kisima","27"
"852","Maua","27"
"853","Mbeu","27"
"854","Mikinduri","27"
"855","Mitunguu","27"
"856","Municipality","27"
"857","Muthara","27"
"858","Mwanganthia","27"
"859","Naathu","27"
"860","Njia","27"
"861","Nkomo","27"
"862","Nkuene","27"
"863","Ntima East","27"
"864","Ntima West","27"
"865","Ntunene","27"
"866","Nyaki East","27"
"867","Nyaki West","27"
"868","Ruiri / Rwarera","27"
"869","Thangatha","27"
"870","Timau","27"
"871","Bukira Central / Ikerege","28"
"872","Bukira East","28"
"873","God Jope","28"
"874","Gokeharaka / Getambwega","28"
"875","Got Kochola","28"
"876","Isibania","28"
"877","Kachieng","28"
"878","Kadem North","28"
"879","Kakrao","28"
"880","Kaler","28"
"881","Kamagambo Central","28"
"882","Kamagambo East","28"
"883","Kamagambo North","28"
"884","Kamagambo South","28"
"885","Kanyamkago Central","28"
"886","Kanyamkago East","28"
"887","Kanyamkago North","28"
"888","Kanyamkago South","28"
"889","Kanyamkago West","28"
"890","Kanyasa","28"
"891","Kwa","28"
"892","Macalder / Kanyarwanda","28"
"893","Masaba","28"
"894","Mokerero","28"
"895","Muhuru","28"
"896","Ntimaru East","28"
"897","Ntimaru West","28"
"898","Nyabasi East","28"
"899","Nyabasi West","28"
"900","Nyamosense / Komosoko","28"
"901","Ragana-Oruba","28"
"902","Sakwa Central","28"
"903","Sakwa North East","28"
"904","Sakwa South","28"
"905","Sakwa West","28"
"906","Suna Central","28"
"907","Tagare","28"
"908","Wasimbete","28"
"909","Wasweta II","28"
"910","Wiga","28"
"911","Airport","29"
"912","Bambui","29"
"913","Bofu","29"
"914","Chaani","29"
"915","Changamwe","29"
"916","Frere Town","29"
"917","Jomvu Kuu","29"
"918","Junda","29"
"919","Kadzandani","29"
"920","Kipevu","29"
"921","Kongowea","29"
"922","Likoni ","29"
"923","Magogoni","29"
"924","Majengo","29"
"925","Maweni","29"
"926","Mikindani","29"
"927","Miritini","29"
"928","Mjambere","29"
"929","Mji wa Kale / Makadara","29"
"930","Mkomani","29"
"931","Mtongwe","29"
"932","Mtopanga","29"
"933","Mwakirunge","29"
"934","Portreitz","29"
"935","Shanzu","29"
"936","Shika Adabu","29"
"937","Shimanzi-Ganjoni","29"
"938","Timbwani","29"
"939","Tononoka","29"
"940","Tudor","29"
"941","Gaichanjiru","30"
"942","Gatanga","30"
"943","Gaturi","30"
"944","Gitugi","30"
"945","Ichagaki","30"
"946","Ithanga","30"
"947","Ithiru","30"
"948","Kagundu-Ini","30"
"949","Kahumbu","30"
"950","Kakuzi / Mitubiri ","30"
"951","Kamacharia","30"
"952","Kamahuha","30"
"953","Kambiti","30"
"954","Kangari","30"
"955","Kanyenya-Ini","30"
"956","Kariara","30"
"957","Kigumo","30"
"958","Kihumbu-Ini","30"
"959","Kimorori / Wempa","30"
"960","Kinyona","30"
"961","Kiru","30"
"962","Makuyu","30"
"963","Mbiri","30"
"964","Mugoiri","30"
"965","Mugumo-Ini","30"
"966","Muguru","30"
"967","Murarandia","30"
"968","Muruka","30"
"969","Muthithi","30"
"970","Ng'araria","30"
"971","Nginda","30"
"972","Ruchu","30"
"973","Rwathia","30"
"974","Township","30"
"975","Wangu","30"
"976","Airbase","31"
"977","Babadogo","31"
"978","California","31"
"979","Central","31"
"980","Clay City","31"
"981","Dandora Area I ","31"
"982","Dandora Area II","31"
"983","Dandora Area III ","31"
"984","Dandora Area IV","31"
"985","Eastleigh North","31"
"986","Eastleigh South","31"
"987","Embakasi","31"
"988","Gatina","31"
"989","Githurai","31"
"990","Harambee","31"
"991","Hospital","31"
"992","Huruma","31"
"993","Imara Daima","31"
"994","Kabiro","31"
"995","Kahawa","31"
"996","Kahawa West","31"
"997","Kangemi","31"
"998","Karen","31"
"999","Kariobangi North","31"
"1000","Kariobangi South","31"
"1001","Karura","31"
"1002","Kasarani","31"
"1003","Kawangware","31"
"1004","Kayole Central","31"
"1005","Kayole North","31"
"1006","Kayole South","31"
"1007","Kiamaiko","31"
"1008","Kileleshwa","31"
"1009","Kilimani","31"
"1010","Kitisuru","31"
"1011","Komarock","31"
"1012","Korogocho","31"
"1013","Kwa Njenga","31"
"1014","Kwa Reuben","31"
"1015","Kware","31"
"1016","Laini Saba","31"
"1017","Landimawe","31"
"1018","Lindi","31"
"1019","Lower Savanna","31"
"1020","Lucky Summer","31"
"1021","Mabatini","31"
"1022","Makina","31"
"1023","Makongeni","31"
"1024","Maringo / Hamza","31"
"1025","Mathare North","31"
"1026","Matopeni / Spring Valley","31"
"1027","Mihango","31"
"1028","Mlango Kubwa","31"
"1029","Mountain View","31"
"1030","Mowlem","31"
"1031","Mugumo-ini","31"
"1032","Mutu-ini","31"
"1033","Mwiki","31"
"1034","Nairobi South","31"
"1035","Nairobi West","31"
"1036","Ngando","31"
"1037","Ngara","31"
"1038","Ngei ","31"
"1039","Nijiru","31"
"1040","Nyayo Highrise","31"
"1041","Pangani","31"
"1042","Parklands / Highridge","31"
"1043","Pipeline","31"
"1044","Pumwani","31"
"1045","Riruta","31"
"1046","Roysambu","31"
"1047","Ruai","31"
"1048","Serang'ombe","31"
"1049","South C","31"
"1050","Tassia","31"
"1051","Umoja I","31"
"1052","Umoja II","31"
"1053","Upper Savanna","31"
"1054","Utalii","31"
"1055","Uthiru / Ruthimitu","31"
"1056","Viwandani","31"
"1057","Waithaka","31"
"1058","Woodley / Kenyatta Golf Course","31"
"1059","Zimmerman","31"
"1060","Ziwani / Kariokor","31"
"1061","Chemilil / Chemase","32"
"1062","Chemundu / Kapng'etunyi","32"
"1063","Chepkumia","32"
"1064","Chepkunyuk","32"
"1065","Chepterwai","32"
"1066","Kabisaga","32"
"1067","Kabiyet","32"
"1068","Kabwareng","32"
"1069","Kapchorua","32"
"1070","Kapkangani","32"
"1071","Kapsabet","32"
"1072","Kapsimatwo","32"
"1073","Kaptel / Kamoiywo","32"
"1074","Kaptumo-Kaboi","32"
"1075","Kemeloi-maraba","32"
"1076","Kibwareng / Chebilat / Ndurio","32"
"1077","Kilibwoni","32"
"1078","Kipkaren","32"
"1079","Kiptuiya","32"
"1080","Kosirai","32"
"1081","Koyo / Ndurio","32"
"1082","Kurgung / Surangai","32"
"1083","Lelmoko / Ngecheck","32"
"1084","Nandi Hills","32"
"1085","Ndalat","32"
"1086","Ollessos","32"
"1087","Sangalo / Kebulonik","32"
"1088","Songhor / Soba","32"
"1089","Terik","32"
"1090","Tindiret","32"
"1091","Angata Barikoi","33"
"1092","Enoosupukia","33"
"1093","Ilkerin","33"
"1094","Ilmotiook","33"
"1095","Kapsasian","33"
"1096","Keyian","33"
"1097","Kilgoris Central","33"
"1098","Kimintet","33"
"1099","Loita","33"
"1100","Lolgorian","33"
"1101","Maji Moto / Naroosura","33"
"1102","Mara","33"
"1103","Melelo","33"
"1104","Mogondo","33"
"1105","Mosiro","33"
"1106","Naikara","33"
"1107","Narok Town","33"
"1108","Nkareta","33"
"1109","Olokurto","33"
"1110","Ololmasani","33"
"1111","Ololulung'a","33"
"1112","Oloolpironito","33"
"1113","Olorropil","33"
"1114","Olpusimoru","33"
"1115","Sagamian","33"
"1116","Sagoo","33"
"1117","Sakutiek","33"
"1118","Shankoe","33"
"1119","Siana","33"
"1120","Upper Melili","33"
"1121","Bogichora","34"
"1122","Bokeira","34"
"1123","Bomuragamo","34"
"1124","Bonyamatuta","34"
"1125","Bosamaro","34"
"1126","Ekerenyo","34"
"1127","Esise","34"
"1128","Gachuba","34"
"1129","Gesima","34"
"1130","Itibo","34"
"1131","Kerema","34"
"1132","Kiabonyoru","34"
"1133","Magombo","34"
"1134","Magwagwa","34"
"1135","Manga","34"
"1136","Mekenene","34"
"1137","Nyamaiya","34"
"1138","Nyansiongo","34"
"1139","Rigoma","34"
"1140","Township","34"
"1141","Central","35"
"1142","Charagita","35"
"1143","Engineer","35"
"1144","Gathanji","35"
"1145","Gathara","35"
"1146","Gatimu","35"
"1147","Geta","35"
"1148","Githabai","35"
"1149","Githioro","35"
"1150","Kaimbaga","35"
"1151","Kanjuiri Range","35"
"1152","Karau","35"
"1153","Kipipiri","35"
"1154","Kiriita","35"
"1155","Leshau / Pondo","35"
"1156","Magumu","35"
"1157","Mirangine","35"
"1158","Murungaru","35"
"1159","Njabini / Kiburu","35"
"1160","North Kingngop","35"
"1161","Nyakio","35"
"1162","Rurii","35"
"1163","Shamata","35"
"1164","Wanjohi","35"
"1165","Weru","35"
"1166","Aguthi-Gaaki","36"
"1167","Chinga","36"
"1168","Dedan Kimathi","36"
"1169","Gakawa","36"
"1170","Gatarakwa","36"
"1171","Gatitu / Muruguru","36"
"1172","Gikondi","36"
"1173","Iria-Ini","36"
"1174","Iriaini","36"
"1175","Kabaru","36"
"1176","Kamakwa / Mukaro","36"
"1177","Karatina Town","36"
"1178","Karima","36"
"1179","Kiganjo / Mathari","36"
"1180","Kirimukuyu","36"
"1181","Konyu","36"
"1182","Magutu","36"
"1183","Mahiga","36"
"1184","Mugunda","36"
"1185","Mukurwe-Ini Central","36"
"1186","Mukurwe-Ini West","36"
"1187","Mweiga","36"
"1188","Mwiyogo / Endarasha","36"
"1189","Naromoru / Kiamathaga","36"
"1190","Rugi","36"
"1191","Ruguru","36"
"1192","Ruring'u","36"
"1193","Rware","36"
"1194","Thegu River","36"
"1195","Wamagana","36"
"1196","Angata Nayokie","37"
"1197","Baawa","37"
"1198","El-Barta","37"
"1199","Lodokejek","37"
"1200","Loosuk","37"
"1201","Maralal","37"
"1202","Nachola","37"
"1203","Nyiro","37"
"1204","Porro","37"
"1205","Sugata Marmar","37"
"1206","Wamba East","37"
"1207","Wamba North","37"
"1208","Wamba West","37"
"1209","Waso","37"
"1210","Alego Central","38"
"1211","Alego South","38"
"1212","Alego South East","38"
"1213","Alego West","38"
"1214","Asembo East","38"
"1215","Asembo West","38"
"1216","Gem Central","38"
"1217","Gem East","38"
"1218","Gem North","38"
"1219","Gem South","38"
"1220","Gem West","38"
"1221","Sakwa Central","38"
"1222","Sakwa North","38"
"1223","Sakwa South","38"
"1224","Sakwa West","38"
"1225","Siaya Township","38"
"1226","Sidindi","38"
"1227","Sigomere","38"
"1228","Uganja","38"
"1229","Ugenya East","38"
"1230","Ugenya North","38"
"1231","Ugenya West","38"
"1232","Ukwala","38"
"1233","Usgona","38"
"1234","Uyoma North","38"
"1235","Uyoma West","38"
"1236","Uyumoa South","38"
"1237","Yala Township","38"
"1238","Yimbo East","38"
"1239","Yimbo West","38"
"1240","Bomani","39"
"1241","Bura","39"
"1242","Chala","39"
"1243","Chawia","39"
"1244","Kaloleni","39"
"1245","Kasigau","39"
"1246","Kishushe-Wumingu","39"
"1247","Mahoo","39"
"1248","Marungu","39"
"1249","Mata","39"
"1250","Mboghoni","39"
"1251","Mbololo","39"
"1252","Mwanda-Mgange","39"
"1253","Mwatete","39"
"1254","Ngolia","39"
"1255","Ronge","39"
"1256","Sagala","39"
"1257","Werugha","39"
"1258","Wundanyi","39"
"1259","Wusi / Kishamba","39"
"1260","Bangale","40"
"1261","Chewani","40"
"1262","Chewele","40"
"1263","Garsen Central","40"
"1264","Garsen North","40"
"1265","Garsen South","40"
"1266","Garsen West","40"
"1267","Hirimani","40"
"1268","Kinakomba","40"
"1269","Kipini East","40"
"1270","Kipini West","40"
"1271","Madogo","40"
"1272","Mikinduni","40"
"1273","Sala","40"
"1274","Wayu","40"
"1275","Chiakariga","41"
"1276","Chogoria","41"
"1277","Chuka","41"
"1278","Ganga","41"
"1279","Gatunga","41"
"1280","Igambang'ombe","41"
"1281","Magumoni","41"
"1282","Mariani","41"
"1283","Marimanti","41"
"1284","Mitheru","41"
"1285","Mugwe","41"
"1286","Mukothima","41"
"1287","Muthambi","41"
"1288","Mwimbi","41"
"1289","Nkondi","41"
"1290","Bidii","42"
"1291","Chepchoina","42"
"1292","Chepsiro / Kiptoror","42"
"1293","Cherangany / Suwerwa","42"
"1294","Enedebess","42"
"1295","Hospital","42"
"1296","Kaplamai","42"
"1297","Kapomboi","42"
"1298","Keiyo","42"
"1299","Kiminini","42"
"1300","Kinyoro","42"
"1301","Kwanza","42"
"1302","Machewa","42"
"1303","Makutano","42"
"1304","Matisi","42"
"1305","Matumbei","42"
"1306","Motosiet","42"
"1307","Nabiswa","42"
"1308","Saboti","42"
"1309","Sikhendu","42"
"1310","Sinyerere","42"
"1311","Sirende","42"
"1312","Sitatunga","42"
"1313","Tuwani","42"
"1314","Waitaluk","42"
"1315","Kaaleng / Kaikor","43"
"1316","Kaeris","43"
"1317","Kakuma","43"
"1318","Kalapata","43"
"1319","Kalobeyei","43"
"1320","Kalokol","43"
"1321","Kanamkemer","43"
"1322","Kang'atotha","43"
"1323","Kapedo / Napeitom","43"
"1324","Kaputir","43"
"1325","Katilia","43"
"1326","Katilu","43"
"1327","Kerio Delta","43"
"1328","Kibish","43"
"1329","Kotaruk / Lobei","43"
"1330","Lakezone","43"
"1331","Lapur","43"
"1332","Letea","43"
"1333","Lobokat","43"
"1334","Lodwar Township","43"
"1335","Loima","43"
"1336","Lokichar","43"
"1337","Lokichoggio","43"
"1338","Lokiriama / Lorengippi","43"
"1339","Lokori / Kochodin","43"
"1340","Lopur","43"
"1341","Nakalale","43"
"1342","Nanaam","43"
"1343","Songot","43"
"1344","Turkwel","43"
"1345","Ainabkoi / Olare","44"
"1346","Cheptiret / Kipchamo","44"
"1347","Kamagut","44"
"1348","Kapkures","44"
"1349","Kapsoya","44"
"1350","Kaptagat","44"
"1351","Kapyemit","44"
"1352","Karuna / Meibeki","44"
"1353","Kimumu","44"
"1354","Kipkenyo","44"
"1355","Kiplombe","44"
"1356","Kipsomba","44"
"1357","Koisagat / Kapsang","44"
"1358","Kuinet / Kapsuswa","44"
"1359","Langas","44"
"1360","Megun","44"
"1361","Moi's Bridge","44"
"1362","Moiben","44"
"1363","Ngenyilel","44"
"1364","Ngeria","44"
"1365","Racecourse","44"
"1366","Segero","44"
"1367","Sergoit","44"
"1368","Simat / Kapseret","44"
"1369","Soy","44"
"1370","Tapsagoi","44"
"1371","Tarakwa","44"
"1372","Tembelio","44"
"1373","Tulwet / Chiyat","44"
"1374","Ziwa","44"
"1375","Banja","45"
"1376","Busali","45"
"1377","Central Bunyore","45"
"1378","Central Maragoli","45"
"1379","Chavakali","45"
"1380","Emabungo","45"
"1381","Gisambai","45"
"1382","Jepkoyai","45"
"1383","Luanda South","45"
"1384","Luanda Township","45"
"1385","Lugaga-Wamuluma","45"
"1386","Lyaduywa / Izava","45"
"1387","Muhudu","45"
"1388","Mungoma","45"
"1389","Mwibona","45"
"1390","North East Bunyore","45"
"1391","North Maragoli","45"
"1392","Sabatia West","45"
"1393","Shamakhokho","45"
"1394","Shiru","45"
"1395","South Maragoli","45"
"1396","Tambua","45"
"1397","Wemilabi","45"
"1398","West Bunyore","45"
"1399","Wodanga","45"
"1400","Ademasajide","46"
"1401","Arbajahan","46"
"1402","Barwago","46"
"1403","Batalu","46"
"1404","Benane","46"
"1405","Buna","46"
"1406","Burder","46"
"1407","Bute","46"
"1408","Dadaja Bulla","46"
"1409","Danaba","46"
"1410","Della","46"
"1411","El Nur / Tula Tula","46"
"1412","Elben","46"
"1413","Eldas","46"
"1414","Ganyure","46"
"1415","Godoma","46"
"1416","Gurar","46"
"1417","Habaswein","46"
"1418","Hadado / Athibohol","46"
"1419","Ibrahim Ure","46"
"1420","Khorof-Harar","46"
"1421","Korondile","46"
"1422","Lagboghol South","46"
"1423","Lakoley South / Basir","46"
"1424","Sarman","46"
"1425","Tarbaj","46"
"1426","Township","46"
"1427","Wagalla","46"
"1428","Wagberi","46"
"1429","Wargadud","46"
"1430","Alale","47"
"1431","Batei","47"
"1432","Chepareria","47"
"1433","Endugh","47"
"1434","Kapchok / Konyao","47"
"1435","Kapenguria","47"
"1436","Kasei","47"
"1437","Kiwawa","47"
"1438","Kodich","47"
"1439","Lelan","47"
"1440","Lomut","47"
"1441","Masool","47"
"1442","Mnagei","47"
"1443","Riwo","47"
"1444","Sekerr","47"
"1445","Siyoi","47"
"1446","Sook","47"
"1447","Suam","47"
"1448","Tapach","47"
"1449","Wei Wei","47"
"1450","Other","48"
